{
  "project_info": {
    "project_number": "614332874245",
    "project_id": "aechat-app",
    "storage_bucket": "aechat-app.firebasestorage.app"
  },
  "client": [
    {
      "client_info": {
        "mobilesdk_app_id": "1:614332874245:android:31f0db4917702586e5a66c",
        "android_client_info": {
          "package_name": "com.adoniyas.aechat"
        }
      },
      "oauth_client": [],
      "api_key": [
        {
          "current_key": "AIzaSyAlWkWWjpVOYEnOEpmYhiHkZcZxRhQZI0Q"
        }
      ],
      "services": {
        "appinvite_service": {
          "other_platform_oauth_client": []
        }
      }
    }
  ],
  "configuration_version": "1"
}